run_id,barangay,current_burden,past_8w_avg,forecast_burden,surge_score,method
a4cbd47e-e5ee-4e63-9791-dae72beae76e,acacia,1.0,0.125,0.1187067907673031,0.10551714734871387,arima
a4cbd47e-e5ee-4e63-9791-dae72beae76e,acacia,1.0,0.125,0.9494847023243134,0.8439864020660564,prophet
a4cbd47e-e5ee-4e63-9791-dae72beae76e,agdao,1.0,0.75,0.9470737437304402,0.5411849964173944,arima
a4cbd47e-e5ee-4e63-9791-dae72beae76e,agdao,1.0,0.75,7.575236646804849,4.328706655317057,prophet
a4cbd47e-e5ee-4e63-9791-dae72beae76e,alambre,0.0,0.125,0.12902912039924253,0.11469255146599336,arima
a4cbd47e-e5ee-4e63-9791-dae72beae76e,alambre,0.0,0.125,1.0320485894829494,0.9173765239848439,prophet
a4cbd47e-e5ee-4e63-9791-dae72beae76e,alejandra navarro,1.0,0.75,0.43869900935742456,0.2506851482042426,arima
a4cbd47e-e5ee-4e63-9791-dae72beae76e,alejandra navarro,1.0,0.75,3.5089652042420276,2.005122973852587,prophet
a4cbd47e-e5ee-4e63-9791-dae72beae76e,alfonso angliongto sr,0.0,0.125,1.393514500311819,1.238679555832728,arima
a4cbd47e-e5ee-4e63-9791-dae72beae76e,alfonso angliongto sr,0.0,0.125,11.146124766415852,9.907666459036314,prophet
a4cbd47e-e5ee-4e63-9791-dae72beae76e,angalan,0.0,0.25,0.17806018615095467,0.14244814892076374,arima
a4cbd47e-e5ee-4e63-9791-dae72beae76e,angalan,0.0,0.25,1.42422705348647,1.139381642789176,prophet
a4cbd47e-e5ee-4e63-9791-dae72beae76e,atan awe,0.0,0.0,0.07483688983156066,0.07483688983156066,arima
a4cbd47e-e5ee-4e63-9791-dae72beae76e,atan awe,0.0,0.0,0.5985881819001106,0.5985881819001106,prophet
a4cbd47e-e5ee-4e63-9791-dae72beae76e,baganihan,0.0,0.0,0.051611648159697,0.051611648159697,arima
a4cbd47e-e5ee-4e63-9791-dae72beae76e,baganihan,0.0,0.0,0.4128194357931797,0.4128194357931797,prophet
a4cbd47e-e5ee-4e63-9791-dae72beae76e,bago aplaya,0.0,0.125,1.1070698530255008,0.9840620915782229,arima
a4cbd47e-e5ee-4e63-9791-dae72beae76e,bago aplaya,0.0,0.125,8.854976897763706,7.87109057578996,prophet
a4cbd47e-e5ee-4e63-9791-dae72beae76e,bago gallera,5.0,0.75,1.429642654023607,0.8169386594420611,arima
a4cbd47e-e5ee-4e63-9791-dae72beae76e,bago gallera,5.0,0.75,11.435098371471078,6.534341926554902,prophet
a4cbd47e-e5ee-4e63-9791-dae72beae76e,bago oshiro,0.0,0.0,0.31999221859012145,0.31999221859012145,arima
a4cbd47e-e5ee-4e63-9791-dae72beae76e,bago oshiro,0.0,0.0,2.5594805019177147,2.5594805019177147,prophet
a4cbd47e-e5ee-4e63-9791-dae72beae76e,baguio,5.0,1.125,0.6580485140361368,0.30966988895818204,arima
a4cbd47e-e5ee-4e63-9791-dae72beae76e,baguio,5.0,1.125,5.263447806363041,2.4769166147590784,prophet
a4cbd47e-e5ee-4e63-9791-dae72beae76e,balengaeng,0.0,0.0,0.05935339538365155,0.05935339538365155,arima
a4cbd47e-e5ee-4e63-9791-dae72beae76e,balengaeng,0.0,0.0,0.4747423511621567,0.4747423511621567,prophet
a4cbd47e-e5ee-4e63-9791-dae72beae76e,baliok,1.0,0.25,1.2180348965688494,0.9744279172550796,arima
a4cbd47e-e5ee-4e63-9791-dae72beae76e,baliok,1.0,0.25,9.742538684719042,7.794030947775234,prophet
a4cbd47e-e5ee-4e63-9791-dae72beae76e,bangkas heights,0.0,0.0,0.43869900935742456,0.43869900935742456,arima
a4cbd47e-e5ee-4e63-9791-dae72beae76e,bangkas heights,0.0,0.0,3.5089652042420276,3.5089652042420276,prophet
a4cbd47e-e5ee-4e63-9791-dae72beae76e,bantol,0.0,0.0,0.07999805464753036,0.07999805464753036,arima
a4cbd47e-e5ee-4e63-9791-dae72beae76e,bantol,0.0,0.0,0.6398701254794287,0.6398701254794287,prophet
a4cbd47e-e5ee-4e63-9791-dae72beae76e,baracatan,0.0,0.0,0.17547960374296984,0.17547960374296984,arima
a4cbd47e-e5ee-4e63-9791-dae72beae76e,baracatan,0.0,0.0,1.4035860816968113,1.4035860816968113,prophet
a4cbd47e-e5ee-4e63-9791-dae72beae76e,barangay 10 a,2.0,0.375,0.39224852601369725,0.2852716552826889,arima
a4cbd47e-e5ee-4e63-9791-dae72beae76e,barangay 10 a,2.0,0.375,3.137427712028166,2.281765608747757,prophet
a4cbd47e-e5ee-4e63-9791-dae72beae76e,barangay 11 b,1.0,0.375,0.1703184389270001,0.1238679555832728,arima
a4cbd47e-e5ee-4e63-9791-dae72beae76e,barangay 11 b,1.0,0.375,1.362304138117493,0.9907666459036313,prophet
a4cbd47e-e5ee-4e63-9791-dae72beae76e,barangay 12 b,1.0,0.25,0.103223296319394,0.0825786370555152,arima
a4cbd47e-e5ee-4e63-9791-dae72beae76e,barangay 12 b,1.0,0.25,0.8256388715863594,0.6605110972690875,prophet
a4cbd47e-e5ee-4e63-9791-dae72beae76e,barangay 13 b,0.0,0.0,0.0258058240798485,0.0258058240798485,arima
a4cbd47e-e5ee-4e63-9791-dae72beae76e,barangay 13 b,0.0,0.0,0.20640971789658985,0.20640971789658985,prophet
a4cbd47e-e5ee-4e63-9791-dae72beae76e,barangay 14 b,0.0,0.125,0.11354562595133341,0.10092944529007414,arima
a4cbd47e-e5ee-4e63-9791-dae72beae76e,barangay 14 b,0.0,0.125,0.9082027587449955,0.8072913411066627,prophet
a4cbd47e-e5ee-4e63-9791-dae72beae76e,barangay 15 b,0.0,0.0,0.2503164935745305,0.2503164935745305,arima
a4cbd47e-e5ee-4e63-9791-dae72beae76e,barangay 15 b,0.0,0.0,2.0021742635969217,2.0021742635969217,prophet
a4cbd47e-e5ee-4e63-9791-dae72beae76e,barangay 16 b,0.0,0.0,0.1445126148471516,0.1445126148471516,arima
a4cbd47e-e5ee-4e63-9791-dae72beae76e,barangay 16 b,0.0,0.0,1.1558944202209034,1.1558944202209034,prophet
a4cbd47e-e5ee-4e63-9791-dae72beae76e,barangay 17 b,0.0,0.0,0.07999805464753036,0.07999805464753036,arima
a4cbd47e-e5ee-4e63-9791-dae72beae76e,barangay 17 b,0.0,0.0,0.6398701254794287,0.6398701254794287,prophet
a4cbd47e-e5ee-4e63-9791-dae72beae76e,barangay 18 b,1.0,0.125,0.2657999880224396,0.23626665601994631,arima
a4cbd47e-e5ee-4e63-9791-dae72beae76e,barangay 18 b,1.0,0.125,2.126020094334876,1.8897956394087787,prophet
a4cbd47e-e5ee-4e63-9791-dae72beae76e,barangay 19 b,6.0,1.375,2.3302659144103197,0.9811645955411873,arima
a4cbd47e-e5ee-4e63-9791-dae72beae76e,barangay 19 b,6.0,1.375,18.638797526062067,7.847914747815607,prophet
a4cbd47e-e5ee-4e63-9791-dae72beae76e,barangay 1 a,0.0,0.0,0.21418833986274255,0.21418833986274255,arima
a4cbd47e-e5ee-4e63-9791-dae72beae76e,barangay 1 a,0.0,0.0,1.713200658541696,1.713200658541696,prophet
a4cbd47e-e5ee-4e63-9791-dae72beae76e,barangay 20 b,0.0,0.0,0.206446592638788,0.206446592638788,arima
a4cbd47e-e5ee-4e63-9791-dae72beae76e,barangay 20 b,0.0,0.0,1.6512777431727188,1.6512777431727188,prophet
a4cbd47e-e5ee-4e63-9791-dae72beae76e,barangay 21 c,0.0,0.125,0.4774077454771973,0.42436244042417537,arima
a4cbd47e-e5ee-4e63-9791-dae72beae76e,barangay 21 c,0.0,0.125,3.818579781086912,3.394293138743922,prophet
a4cbd47e-e5ee-4e63-9791-dae72beae76e,barangay 22 c,0.0,0.0,0.4154737676855609,0.4154737676855609,arima
a4cbd47e-e5ee-4e63-9791-dae72beae76e,barangay 22 c,0.0,0.0,3.3231964581350963,3.3231964581350963,prophet
a4cbd47e-e5ee-4e63-9791-dae72beae76e,barangay 23 c,3.0,0.625,0.5961145362445004,0.36683971461200027,arima
a4cbd47e-e5ee-4e63-9791-dae72beae76e,barangay 23 c,3.0,0.625,4.7680644834112265,2.9341935282530622,prophet
a4cbd47e-e5ee-4e63-9791-dae72beae76e,barangay 24 c,0.0,0.0,0.17806018615095467,0.17806018615095467,arima
a4cbd47e-e5ee-4e63-9791-dae72beae76e,barangay 24 c,0.0,0.0,1.42422705348647,1.42422705348647,prophet
a4cbd47e-e5ee-4e63-9791-dae72beae76e,barangay 25 c,0.0,0.0,0.07483688983156066,0.07483688983156066,arima
a4cbd47e-e5ee-4e63-9791-dae72beae76e,barangay 25 c,0.0,0.0,0.5985881819001106,0.5985881819001106,prophet
a4cbd47e-e5ee-4e63-9791-dae72beae76e,barangay 26 c,0.0,0.125,0.16257669170304556,0.1445126148471516,arima
a4cbd47e-e5ee-4e63-9791-dae72beae76e,barangay 26 c,0.0,0.125,1.300381222748516,1.1558944202209032,prophet
a4cbd47e-e5ee-4e63-9791-dae72beae76e,barangay 27 c,0.0,0.0,0.2374135815346062,0.2374135815346062,arima
a4cbd47e-e5ee-4e63-9791-dae72beae76e,barangay 27 c,0.0,0.0,1.8989694046486267,1.8989694046486267,prophet
a4cbd47e-e5ee-4e63-9791-dae72beae76e,barangay 28 c,0.0,0.0,0.14967377966312131,0.14967377966312131,arima
a4cbd47e-e5ee-4e63-9791-dae72beae76e,barangay 28 c,0.0,0.0,1.1971763638002213,1.1971763638002213,prophet
a4cbd47e-e5ee-4e63-9791-dae72beae76e,barangay 29 c,0.0,0.125,0.056772812975666706,0.05046472264503707,arima
a4cbd47e-e5ee-4e63-9791-dae72beae76e,barangay 29 c,0.0,0.125,0.4541013793724977,0.40364567055333134,prophet
a4cbd47e-e5ee-4e63-9791-dae72beae76e,barangay 2 a,1.0,0.25,0.2916058121022881,0.23328464968183046,arima
a4cbd47e-e5ee-4e63-9791-dae72beae76e,barangay 2 a,1.0,0.25,2.3324298122314655,1.8659438497851724,prophet
a4cbd47e-e5ee-4e63-9791-dae72beae76e,barangay 30 c,0.0,0.0,0.06967572501559095,0.06967572501559095,arima
a4cbd47e-e5ee-4e63-9791-dae72beae76e,barangay 30 c,0.0,0.0,0.5573062383207926,0.5573062383207926,prophet
a4cbd47e-e5ee-4e63-9791-dae72beae76e,barangay 31 d,2.0,0.5,0.6038562834684549,0.4025708556456366,arima
a4cbd47e-e5ee-4e63-9791-dae72beae76e,barangay 31 d,2.0,0.5,4.829987398780203,3.219991599186802,prophet
a4cbd47e-e5ee-4e63-9791-dae72beae76e,barangay 32 d,0.0,0.0,0.18580193337490922,0.18580193337490922,arima
a4cbd47e-e5ee-4e63-9791-dae72beae76e,barangay 32 d,0.0,0.0,1.486149968855447,1.486149968855447,prophet
a4cbd47e-e5ee-4e63-9791-dae72beae76e,barangay 33 d,0.0,0.125,0.16515727411103043,0.1468064658764715,arima
a4cbd47e-e5ee-4e63-9791-dae72beae76e,barangay 33 d,0.0,0.125,1.3210221945381753,1.1742419507006003,prophet
a4cbd47e-e5ee-4e63-9791-dae72beae76e,barangay 34 d,0.0,0.0,0.08773980187148492,0.08773980187148492,arima
a4cbd47e-e5ee-4e63-9791-dae72beae76e,barangay 34 d,0.0,0.0,0.7017930408484057,0.7017930408484057,prophet
a4cbd47e-e5ee-4e63-9791-dae72beae76e,barangay 35 d,0.0,0.0,0.046450483343727304,0.046450483343727304,arima
a4cbd47e-e5ee-4e63-9791-dae72beae76e,barangay 35 d,0.0,0.0,0.37153749221386173,0.37153749221386173,prophet
a4cbd47e-e5ee-4e63-9791-dae72beae76e,barangay 36 d,0.0,0.0,0.08773980187148492,0.08773980187148492,arima
a4cbd47e-e5ee-4e63-9791-dae72beae76e,barangay 36 d,0.0,0.0,0.7017930408484057,0.7017930408484057,prophet
a4cbd47e-e5ee-4e63-9791-dae72beae76e,barangay 37 d,7.0,1.25,0.4180543500935458,0.18580193337490924,arima
a4cbd47e-e5ee-4e63-9791-dae72beae76e,barangay 37 d,7.0,1.25,3.3438374299247564,1.4861499688554474,prophet
a4cbd47e-e5ee-4e63-9791-dae72beae76e,barangay 38 d,0.0,0.0,0.13677086762319707,0.13677086762319707,arima
a4cbd47e-e5ee-4e63-9791-dae72beae76e,barangay 38 d,0.0,0.0,1.0939715048519263,1.0939715048519263,prophet
a4cbd47e-e5ee-4e63-9791-dae72beae76e,barangay 39 d,1.0,0.125,0.19096309819087892,0.16974497616967016,arima
a4cbd47e-e5ee-4e63-9791-dae72beae76e,barangay 39 d,1.0,0.125,1.527431912434765,1.357717255497569,prophet
a4cbd47e-e5ee-4e63-9791-dae72beae76e,barangay 3 a,0.0,0.0,0.051611648159697,0.051611648159697,arima
a4cbd47e-e5ee-4e63-9791-dae72beae76e,barangay 3 a,0.0,0.0,0.4128194357931797,0.4128194357931797,prophet
a4cbd47e-e5ee-4e63-9791-dae72beae76e,barangay 40 d,4.0,0.625,0.15741552688707586,0.09687109346896976,arima
a4cbd47e-e5ee-4e63-9791-dae72beae76e,barangay 40 d,4.0,0.625,1.2590992791691982,0.7748303256425835,prophet
a4cbd47e-e5ee-4e63-9791-dae72beae76e,barangay 4 a,0.0,0.0,0.12386795558327282,0.12386795558327282,arima
a4cbd47e-e5ee-4e63-9791-dae72beae76e,barangay 4 a,0.0,0.0,0.9907666459036315,0.9907666459036315,prophet
a4cbd47e-e5ee-4e63-9791-dae72beae76e,barangay 5 a,0.0,0.0,0.8515921946350006,0.8515921946350006,arima
a4cbd47e-e5ee-4e63-9791-dae72beae76e,barangay 5 a,0.0,0.0,6.811520690587466,6.811520690587466,prophet
a4cbd47e-e5ee-4e63-9791-dae72beae76e,barangay 6 a,3.0,0.375,0.12644853799125766,0.09196257308455102,arima
a4cbd47e-e5ee-4e63-9791-dae72beae76e,barangay 6 a,3.0,0.375,1.0114076176932902,0.735569176504211,prophet
a4cbd47e-e5ee-4e63-9791-dae72beae76e,barangay 7 a,0.0,0.0,0.3406368778540002,0.3406368778540002,arima
a4cbd47e-e5ee-4e63-9791-dae72beae76e,barangay 7 a,0.0,0.0,2.724608276234986,2.724608276234986,prophet
a4cbd47e-e5ee-4e63-9791-dae72beae76e,barangay 8 a,1.0,0.25,0.6322426899562883,0.5057941519650306,arima
a4cbd47e-e5ee-4e63-9791-dae72beae76e,barangay 8 a,1.0,0.25,5.057038088466451,4.045630470773161,prophet
a4cbd47e-e5ee-4e63-9791-dae72beae76e,barangay 9 a,1.0,0.125,0.5264388112289095,0.46794560998125284,arima
a4cbd47e-e5ee-4e63-9791-dae72beae76e,barangay 9 a,1.0,0.125,4.210758245090433,3.742896217858162,prophet
a4cbd47e-e5ee-4e63-9791-dae72beae76e,bato,2.0,0.375,0.5625669649406974,0.40913961086596173,arima
a4cbd47e-e5ee-4e63-9791-dae72beae76e,bato,2.0,0.375,4.499731850145659,3.2725322546513884,prophet
a4cbd47e-e5ee-4e63-9791-dae72beae76e,bayabas,2.0,0.375,0.14967377966312131,0.1088536579368155,arima
a4cbd47e-e5ee-4e63-9791-dae72beae76e,bayabas,2.0,0.375,1.1971763638002213,0.8706737191274336,prophet
a4cbd47e-e5ee-4e63-9791-dae72beae76e,biao escuela,0.0,0.0,0.14967377966312131,0.14967377966312131,arima
a4cbd47e-e5ee-4e63-9791-dae72beae76e,biao escuela,0.0,0.0,1.1971763638002213,1.1971763638002213,prophet
a4cbd47e-e5ee-4e63-9791-dae72beae76e,biao guianga,0.0,0.0,0.16515727411103043,0.16515727411103043,arima
a4cbd47e-e5ee-4e63-9791-dae72beae76e,biao guianga,0.0,0.0,1.3210221945381753,1.3210221945381753,prophet
a4cbd47e-e5ee-4e63-9791-dae72beae76e,biao joaquin,0.0,0.0,0.14967377966312131,0.14967377966312131,arima
a4cbd47e-e5ee-4e63-9791-dae72beae76e,biao joaquin,0.0,0.0,1.1971763638002213,1.1971763638002213,prophet
a4cbd47e-e5ee-4e63-9791-dae72beae76e,binugao,2.0,0.25,0.5986951186524853,0.4789560949219882,arima
a4cbd47e-e5ee-4e63-9791-dae72beae76e,binugao,2.0,0.25,4.788705455200885,3.830964364160708,prophet
a4cbd47e-e5ee-4e63-9791-dae72beae76e,bucana,14.0,2.875,4.2786056324388815,1.104156292242292,arima
a4cbd47e-e5ee-4e63-9791-dae72beae76e,bucana,14.0,2.875,34.2227312272546,8.83167257477538,prophet
a4cbd47e-e5ee-4e63-9791-dae72beae76e,buda,1.0,0.125,0.14193203243916677,0.1261618066125927,arima
a4cbd47e-e5ee-4e63-9791-dae72beae76e,buda,1.0,0.125,1.1352534484312442,1.0091141763833282,prophet
a4cbd47e-e5ee-4e63-9791-dae72beae76e,buhangin,6.0,1.75,4.2347357315031395,1.539903902364778,arima
a4cbd47e-e5ee-4e63-9791-dae72beae76e,buhangin,6.0,1.75,33.8718347068304,12.317030802483782,prophet
a4cbd47e-e5ee-4e63-9791-dae72beae76e,bunawan,3.0,0.5,1.3470640169680919,0.8980426779787279,arima
a4cbd47e-e5ee-4e63-9791-dae72beae76e,bunawan,3.0,0.5,10.774587274201991,7.183058182801328,prophet
a4cbd47e-e5ee-4e63-9791-dae72beae76e,cabantian,3.0,0.625,2.67090279226432,1.6436324875472736,arima
a4cbd47e-e5ee-4e63-9791-dae72beae76e,cabantian,3.0,0.625,21.363405802297052,13.146711262952032,prophet
a4cbd47e-e5ee-4e63-9791-dae72beae76e,cadalian,5.0,0.625,0.21418833986274255,0.13180820914630312,arima
a4cbd47e-e5ee-4e63-9791-dae72beae76e,cadalian,5.0,0.625,1.713200658541696,1.0542773283333513,prophet
a4cbd47e-e5ee-4e63-9791-dae72beae76e,calinan,4.0,1.0,2.048982431939971,1.0244912159699855,arima
a4cbd47e-e5ee-4e63-9791-dae72beae76e,calinan,4.0,1.0,16.388931600989235,8.194465800494617,prophet
a4cbd47e-e5ee-4e63-9791-dae72beae76e,callawa,0.0,0.0,0.15741552688707586,0.15741552688707586,arima
a4cbd47e-e5ee-4e63-9791-dae72beae76e,callawa,0.0,0.0,1.2590992791691982,1.2590992791691982,prophet
a4cbd47e-e5ee-4e63-9791-dae72beae76e,camansi,0.0,0.0,0.04128931852775761,0.04128931852775761,arima
a4cbd47e-e5ee-4e63-9791-dae72beae76e,camansi,0.0,0.0,0.3302555486345438,0.3302555486345438,prophet
a4cbd47e-e5ee-4e63-9791-dae72beae76e,carmen,2.0,0.25,0.1806407685589395,0.1445126148471516,arima
a4cbd47e-e5ee-4e63-9791-dae72beae76e,carmen,2.0,0.25,1.4448680252761292,1.1558944202209034,prophet
a4cbd47e-e5ee-4e63-9791-dae72beae76e,catalunan grande,9.0,1.75,2.787029000623638,1.0134650911358685,arima
a4cbd47e-e5ee-4e63-9791-dae72beae76e,catalunan grande,9.0,1.75,22.292249532831704,8.106272557393346,prophet
a4cbd47e-e5ee-4e63-9791-dae72beae76e,catalunan pequeno,2.0,1.0,1.7418931253897738,0.8709465626948869,arima
a4cbd47e-e5ee-4e63-9791-dae72beae76e,catalunan pequeno,2.0,1.0,13.932655958019815,6.9663279790099075,prophet
a4cbd47e-e5ee-4e63-9791-dae72beae76e,catigan,0.0,0.0,0.16257669170304556,0.16257669170304556,arima
a4cbd47e-e5ee-4e63-9791-dae72beae76e,catigan,0.0,0.0,1.300381222748516,1.300381222748516,prophet
a4cbd47e-e5ee-4e63-9791-dae72beae76e,cawayan,0.0,0.0,0.15741552688707586,0.15741552688707586,arima
a4cbd47e-e5ee-4e63-9791-dae72beae76e,cawayan,0.0,0.0,1.2590992791691982,1.2590992791691982,prophet
a4cbd47e-e5ee-4e63-9791-dae72beae76e,centro,1.0,0.25,0.5728892945726367,0.4583114356581094,arima
a4cbd47e-e5ee-4e63-9791-dae72beae76e,centro,1.0,0.25,4.582295737304295,3.665836589843436,prophet
a4cbd47e-e5ee-4e63-9791-dae72beae76e,colosas,0.0,0.25,0.05935339538365155,0.04748271630692124,arima
a4cbd47e-e5ee-4e63-9791-dae72beae76e,colosas,0.0,0.25,0.4747423511621567,0.3797938809297253,prophet
a4cbd47e-e5ee-4e63-9791-dae72beae76e,communal,1.0,0.125,0.8928815131627581,0.7936724561446739,arima
a4cbd47e-e5ee-4e63-9791-dae72beae76e,communal,1.0,0.125,7.141776239222009,6.34824554597512,prophet
a4cbd47e-e5ee-4e63-9791-dae72beae76e,crossing bayabas,3.0,1.25,0.6606290964441217,0.293612931752943,arima
a4cbd47e-e5ee-4e63-9791-dae72beae76e,crossing bayabas,3.0,1.25,5.284088778152701,2.3484839014012007,prophet
a4cbd47e-e5ee-4e63-9791-dae72beae76e,dacudao,1.0,0.125,0.552244635308758,0.49088412027445155,arima
a4cbd47e-e5ee-4e63-9791-dae72beae76e,dacudao,1.0,0.125,4.417167962987023,3.9263715226551312,prophet
a4cbd47e-e5ee-4e63-9791-dae72beae76e,dalag,0.0,0.0,0.038708736119772755,0.038708736119772755,arima
a4cbd47e-e5ee-4e63-9791-dae72beae76e,dalag,0.0,0.0,0.3096145768448848,0.3096145768448848,prophet
a4cbd47e-e5ee-4e63-9791-dae72beae76e,dalagdag,0.0,0.0,0.030966988895818205,0.030966988895818205,arima
a4cbd47e-e5ee-4e63-9791-dae72beae76e,dalagdag,0.0,0.0,0.24769166147590788,0.24769166147590788,prophet
a4cbd47e-e5ee-4e63-9791-dae72beae76e,daliao,7.0,1.0,1.5096407086711374,0.7548203543355687,arima
a4cbd47e-e5ee-4e63-9791-dae72beae76e,daliao,7.0,1.0,12.074968496950508,6.037484248475254,prophet
a4cbd47e-e5ee-4e63-9791-dae72beae76e,daliaon plantation,0.0,0.0,0.1341902852152122,0.1341902852152122,arima
a4cbd47e-e5ee-4e63-9791-dae72beae76e,daliaon plantation,0.0,0.0,1.0733305330622673,1.0733305330622673,prophet
a4cbd47e-e5ee-4e63-9791-dae72beae76e,datu salumay,0.0,0.0,0.07483688983156066,0.07483688983156066,arima
a4cbd47e-e5ee-4e63-9791-dae72beae76e,datu salumay,0.0,0.0,0.5985881819001106,0.5985881819001106,prophet
a4cbd47e-e5ee-4e63-9791-dae72beae76e,dominga,0.0,0.0,0.05935339538365155,0.05935339538365155,arima
a4cbd47e-e5ee-4e63-9791-dae72beae76e,dominga,0.0,0.0,0.4747423511621567,0.4747423511621567,prophet
a4cbd47e-e5ee-4e63-9791-dae72beae76e,dumoy,0.0,0.125,1.0270717983779705,0.9129527096693071,arima
a4cbd47e-e5ee-4e63-9791-dae72beae76e,dumoy,0.0,0.125,8.215106772284278,7.302317130919358,prophet
a4cbd47e-e5ee-4e63-9791-dae72beae76e,eden,0.0,0.0,0.20128542782281833,0.20128542782281833,arima
a4cbd47e-e5ee-4e63-9791-dae72beae76e,eden,0.0,0.0,1.6099957995934011,1.6099957995934011,prophet
a4cbd47e-e5ee-4e63-9791-dae72beae76e,fatima,0.0,0.125,0.05935339538365155,0.052758573674356934,arima
a4cbd47e-e5ee-4e63-9791-dae72beae76e,fatima,0.0,0.125,0.4747423511621567,0.4219932010330282,prophet
a4cbd47e-e5ee-4e63-9791-dae72beae76e,gatungan,1.0,0.125,0.10838446113536372,0.09634174323143442,arima
a4cbd47e-e5ee-4e63-9791-dae72beae76e,gatungan,1.0,0.125,0.8669208151656775,0.7705962801472689,prophet
a4cbd47e-e5ee-4e63-9791-dae72beae76e,gov paciano bangoy,2.0,0.375,0.39482910842168206,0.287148442488496,arima
a4cbd47e-e5ee-4e63-9791-dae72beae76e,gov paciano bangoy,2.0,0.375,3.158068683817825,2.296777224594782,prophet
a4cbd47e-e5ee-4e63-9791-dae72beae76e,gov vicente duterte,0.0,0.0,0.3406368778540002,0.3406368778540002,arima
a4cbd47e-e5ee-4e63-9791-dae72beae76e,gov vicente duterte,0.0,0.0,2.724608276234986,2.724608276234986,prophet
a4cbd47e-e5ee-4e63-9791-dae72beae76e,gumalang,2.0,0.375,0.5032135695570458,0.3659735051323969,arima
a4cbd47e-e5ee-4e63-9791-dae72beae76e,gumalang,2.0,0.375,4.024989498983502,2.92726509016982,prophet
a4cbd47e-e5ee-4e63-9791-dae72beae76e,gumitan,0.0,0.0,0.049031065751712156,0.049031065751712156,arima
a4cbd47e-e5ee-4e63-9791-dae72beae76e,gumitan,0.0,0.0,0.39217846400352074,0.39217846400352074,prophet
a4cbd47e-e5ee-4e63-9791-dae72beae76e,ilang,1.0,0.125,1.0425552928258794,0.9267158158452262,arima
a4cbd47e-e5ee-4e63-9791-dae72beae76e,ilang,1.0,0.125,8.33895260302223,7.412402313797538,prophet
a4cbd47e-e5ee-4e63-9791-dae72beae76e,inayangan,0.0,0.0,0.16257669170304556,0.16257669170304556,arima
a4cbd47e-e5ee-4e63-9791-dae72beae76e,inayangan,0.0,0.0,1.300381222748516,1.300381222748516,prophet
a4cbd47e-e5ee-4e63-9791-dae72beae76e,indangan,0.0,0.25,1.414159159575698,1.1313273276605584,arima
a4cbd47e-e5ee-4e63-9791-dae72beae76e,indangan,0.0,0.25,11.311252540733125,9.0490020325865,prophet
a4cbd47e-e5ee-4e63-9791-dae72beae76e,kap tomas monteverde sr,2.0,0.625,0.37160386674981843,0.2286793026152729,arima
a4cbd47e-e5ee-4e63-9791-dae72beae76e,kap tomas monteverde sr,2.0,0.625,2.972299937710894,1.8291076539759348,prophet
a4cbd47e-e5ee-4e63-9791-dae72beae76e,kilate,4.0,0.75,0.0722563074235758,0.0412893185277576,arima
a4cbd47e-e5ee-4e63-9791-dae72beae76e,kilate,4.0,0.75,0.5779472101104517,0.3302555486345438,prophet
a4cbd47e-e5ee-4e63-9791-dae72beae76e,lacson,0.0,0.0,0.34321746026198513,0.34321746026198513,arima
a4cbd47e-e5ee-4e63-9791-dae72beae76e,lacson,0.0,0.0,2.7452492480246455,2.7452492480246455,prophet
a4cbd47e-e5ee-4e63-9791-dae72beae76e,lamanan,1.0,0.375,0.206446592638788,0.15014297646457309,arima
a4cbd47e-e5ee-4e63-9791-dae72beae76e,lamanan,1.0,0.375,1.6512777431727188,1.2009292677619774,prophet
a4cbd47e-e5ee-4e63-9791-dae72beae76e,lampianao,0.0,0.125,0.05935339538365155,0.052758573674356934,arima
a4cbd47e-e5ee-4e63-9791-dae72beae76e,lampianao,0.0,0.125,0.4747423511621567,0.4219932010330282,prophet
a4cbd47e-e5ee-4e63-9791-dae72beae76e,langub,1.0,0.125,0.16515727411103043,0.1468064658764715,arima
a4cbd47e-e5ee-4e63-9791-dae72beae76e,langub,1.0,0.125,1.3210221945381753,1.1742419507006003,prophet
a4cbd47e-e5ee-4e63-9791-dae72beae76e,lapu lapu,0.0,0.125,0.49031065751712155,0.4358316955707747,arima
a4cbd47e-e5ee-4e63-9791-dae72beae76e,lapu lapu,0.0,0.125,3.9217846400352077,3.4860307911424067,prophet
a4cbd47e-e5ee-4e63-9791-dae72beae76e,leon garcia sr,2.0,0.25,0.5625669649406974,0.4500535719525579,arima
a4cbd47e-e5ee-4e63-9791-dae72beae76e,leon garcia sr,2.0,0.25,4.499731850145659,3.5997854801165277,prophet
a4cbd47e-e5ee-4e63-9791-dae72beae76e,lizada,0.0,0.25,1.1019086882095313,0.881526950567625,arima
a4cbd47e-e5ee-4e63-9791-dae72beae76e,lizada,0.0,0.25,8.813694954184388,7.05095596334751,prophet
a4cbd47e-e5ee-4e63-9791-dae72beae76e,los amigos,5.0,1.125,0.6915960853399399,0.3254569813364423,arima
a4cbd47e-e5ee-4e63-9791-dae72beae76e,los amigos,5.0,1.125,5.5317804396286085,2.603190795119345,prophet
a4cbd47e-e5ee-4e63-9791-dae72beae76e,lubogan,3.0,0.625,1.0038465567061068,0.617751727203758,arima
a4cbd47e-e5ee-4e63-9791-dae72beae76e,lubogan,3.0,0.625,8.029338026177346,4.9411310930322125,prophet
a4cbd47e-e5ee-4e63-9791-dae72beae76e,lumiad,1.0,1.0,0.12644853799125766,0.06322426899562883,arima
a4cbd47e-e5ee-4e63-9791-dae72beae76e,lumiad,1.0,1.0,1.0114076176932902,0.5057038088466451,prophet
a4cbd47e-e5ee-4e63-9791-dae72beae76e,ma a,5.0,1.375,3.0915377247658506,1.3017000946382529,arima
a4cbd47e-e5ee-4e63-9791-dae72beae76e,ma a,5.0,1.375,24.727884204011467,10.411740717478512,prophet
a4cbd47e-e5ee-4e63-9791-dae72beae76e,mabuhay,2.0,0.25,0.06451456019962126,0.05161164815969701,arima
a4cbd47e-e5ee-4e63-9791-dae72beae76e,mabuhay,2.0,0.25,0.5160242947414747,0.41281943579317976,prophet
a4cbd47e-e5ee-4e63-9791-dae72beae76e,magsaysay,0.0,0.0,0.0722563074235758,0.0722563074235758,arima
a4cbd47e-e5ee-4e63-9791-dae72beae76e,magsaysay,0.0,0.0,0.5779472101104517,0.5779472101104517,prophet
a4cbd47e-e5ee-4e63-9791-dae72beae76e,magtuod,0.0,0.0,0.16257669170304556,0.16257669170304556,arima
a4cbd47e-e5ee-4e63-9791-dae72beae76e,magtuod,0.0,0.0,1.300381222748516,1.300381222748516,prophet
a4cbd47e-e5ee-4e63-9791-dae72beae76e,mahayag,0.0,0.125,0.19612426300684863,0.1743326782283099,arima
a4cbd47e-e5ee-4e63-9791-dae72beae76e,mahayag,0.0,0.125,1.568713856014083,1.3944123164569626,prophet
a4cbd47e-e5ee-4e63-9791-dae72beae76e,malabog,4.0,0.5,0.30966988895818204,0.20644659263878803,arima
a4cbd47e-e5ee-4e63-9791-dae72beae76e,malabog,4.0,0.5,2.4769166147590784,1.651277743172719,prophet
a4cbd47e-e5ee-4e63-9791-dae72beae76e,malagos,6.0,0.75,0.7019184149718793,0.4010962371267882,arima
a4cbd47e-e5ee-4e63-9791-dae72beae76e,malagos,6.0,0.75,5.614344326787245,3.20819675816414,prophet
a4cbd47e-e5ee-4e63-9791-dae72beae76e,malamba,0.0,0.0,0.10838446113536372,0.10838446113536372,arima
a4cbd47e-e5ee-4e63-9791-dae72beae76e,malamba,0.0,0.0,0.8669208151656775,0.8669208151656775,prophet
a4cbd47e-e5ee-4e63-9791-dae72beae76e,manambulan,0.0,0.125,0.11354562595133341,0.10092944529007414,arima
a4cbd47e-e5ee-4e63-9791-dae72beae76e,manambulan,0.0,0.125,0.9082027587449955,0.8072913411066627,prophet
a4cbd47e-e5ee-4e63-9791-dae72beae76e,mandug,1.0,0.25,0.8877203483467885,0.7101762786774308,arima
a4cbd47e-e5ee-4e63-9791-dae72beae76e,mandug,1.0,0.25,7.100494295642691,5.680395436514153,prophet
a4cbd47e-e5ee-4e63-9791-dae72beae76e,manuel guianga,0.0,0.0,0.2399941639425911,0.2399941639425911,arima
a4cbd47e-e5ee-4e63-9791-dae72beae76e,manuel guianga,0.0,0.0,1.919610376438286,1.919610376438286,prophet
a4cbd47e-e5ee-4e63-9791-dae72beae76e,mapula,0.0,0.0,0.038708736119772755,0.038708736119772755,arima
a4cbd47e-e5ee-4e63-9791-dae72beae76e,mapula,0.0,0.0,0.3096145768448848,0.3096145768448848,prophet
a4cbd47e-e5ee-4e63-9791-dae72beae76e,marapangi,0.0,0.125,0.38192619638175784,0.3394899523393403,arima
a4cbd47e-e5ee-4e63-9791-dae72beae76e,marapangi,0.0,0.125,3.05486382486953,2.715434510995138,prophet
a4cbd47e-e5ee-4e63-9791-dae72beae76e,marilog,3.0,0.75,0.9909436446661826,0.5662535112378186,arima
a4cbd47e-e5ee-4e63-9791-dae72beae76e,marilog,3.0,0.75,7.926133167229052,4.5292189527023154,prophet
a4cbd47e-e5ee-4e63-9791-dae72beae76e,matina aplaya,3.0,0.75,1.8425358393011833,1.052877622457819,arima
a4cbd47e-e5ee-4e63-9791-dae72beae76e,matina aplaya,3.0,0.75,14.737653857816518,8.421516490180867,prophet
a4cbd47e-e5ee-4e63-9791-dae72beae76e,matina biao,2.0,0.5,0.12128737317528797,0.08085824878352531,arima
a4cbd47e-e5ee-4e63-9791-dae72beae76e,matina biao,2.0,0.5,0.9701256741139724,0.6467504494093149,prophet
a4cbd47e-e5ee-4e63-9791-dae72beae76e,matina crossing,8.0,2.5,3.2799202405487446,0.9371200687282127,arima
a4cbd47e-e5ee-4e63-9791-dae72beae76e,matina crossing,8.0,2.5,26.234675144656574,7.495621469901878,prophet
a4cbd47e-e5ee-4e63-9791-dae72beae76e,matina pangi,2.0,0.625,0.8309475353711218,0.5113523294591519,arima
a4cbd47e-e5ee-4e63-9791-dae72beae76e,matina pangi,2.0,0.625,6.646392916270193,4.090087948473965,prophet
a4cbd47e-e5ee-4e63-9791-dae72beae76e,megkawayan,0.0,0.0,0.049031065751712156,0.049031065751712156,arima
a4cbd47e-e5ee-4e63-9791-dae72beae76e,megkawayan,0.0,0.0,0.39217846400352074,0.39217846400352074,prophet
a4cbd47e-e5ee-4e63-9791-dae72beae76e,mintal,2.0,1.375,1.620605752214486,0.6823603167218889,arima
a4cbd47e-e5ee-4e63-9791-dae72beae76e,mintal,2.0,1.375,12.962530283905846,5.457907487960356,prophet
a4cbd47e-e5ee-4e63-9791-dae72beae76e,mudiang,0.0,0.0,0.1341902852152122,0.1341902852152122,arima
a4cbd47e-e5ee-4e63-9791-dae72beae76e,mudiang,0.0,0.0,1.0733305330622673,1.0733305330622673,prophet
a4cbd47e-e5ee-4e63-9791-dae72beae76e,mulig,1.0,0.125,0.3535397898939245,0.31425759101682177,arima
a4cbd47e-e5ee-4e63-9791-dae72beae76e,mulig,1.0,0.125,2.8278131351832814,2.5136116757184723,prophet
a4cbd47e-e5ee-4e63-9791-dae72beae76e,new carmen,0.0,0.0,0.08773980187148492,0.08773980187148492,arima
a4cbd47e-e5ee-4e63-9791-dae72beae76e,new carmen,0.0,0.0,0.7017930408484057,0.7017930408484057,prophet
a4cbd47e-e5ee-4e63-9791-dae72beae76e,new valencia,1.0,0.125,0.10580387872737887,0.09404789220211456,arima
a4cbd47e-e5ee-4e63-9791-dae72beae76e,new valencia,1.0,0.125,0.8462798433760185,0.7522487496675719,prophet
a4cbd47e-e5ee-4e63-9791-dae72beae76e,pampanga,1.0,0.125,0.8877203483467885,0.7890847540860342,arima
a4cbd47e-e5ee-4e63-9791-dae72beae76e,pampanga,1.0,0.125,7.100494295642691,6.311550485015726,prophet
a4cbd47e-e5ee-4e63-9791-dae72beae76e,panacan,3.0,1.0,2.4412309579536684,1.2206154789768342,arima
a4cbd47e-e5ee-4e63-9791-dae72beae76e,panacan,3.0,1.0,19.5263593130174,9.7631796565087,prophet
a4cbd47e-e5ee-4e63-9791-dae72beae76e,panalum,0.0,0.0,0.049031065751712156,0.049031065751712156,arima
a4cbd47e-e5ee-4e63-9791-dae72beae76e,panalum,0.0,0.0,0.39217846400352074,0.39217846400352074,prophet
a4cbd47e-e5ee-4e63-9791-dae72beae76e,pandaitan,0.0,0.125,0.056772812975666706,0.05046472264503707,arima
a4cbd47e-e5ee-4e63-9791-dae72beae76e,pandaitan,0.0,0.125,0.4541013793724977,0.40364567055333134,prophet
a4cbd47e-e5ee-4e63-9791-dae72beae76e,pangyan,0.0,0.0,0.1187067907673031,0.1187067907673031,arima
a4cbd47e-e5ee-4e63-9791-dae72beae76e,pangyan,0.0,0.0,0.9494847023243134,0.9494847023243134,prophet
a4cbd47e-e5ee-4e63-9791-dae72beae76e,paquibato,3.0,1.375,0.3148310537741517,0.13256044369437966,arima
a4cbd47e-e5ee-4e63-9791-dae72beae76e,paquibato,3.0,1.375,2.5181985583383963,1.0602941298266932,prophet
a4cbd47e-e5ee-4e63-9791-dae72beae76e,paradise embak,0.0,0.25,0.10064271391140917,0.08051417112912733,arima
a4cbd47e-e5ee-4e63-9791-dae72beae76e,paradise embak,0.0,0.25,0.8049978997967006,0.6439983198373604,prophet
a4cbd47e-e5ee-4e63-9791-dae72beae76e,rafael castillo,0.0,0.0,0.6735320084840459,0.6735320084840459,arima
a4cbd47e-e5ee-4e63-9791-dae72beae76e,rafael castillo,0.0,0.0,5.387293637100996,5.387293637100996,prophet
a4cbd47e-e5ee-4e63-9791-dae72beae76e,riverside,2.0,0.25,0.33547571303803053,0.2683805704304244,arima
a4cbd47e-e5ee-4e63-9791-dae72beae76e,riverside,2.0,0.25,2.6833263326556684,2.1466610661245347,prophet
a4cbd47e-e5ee-4e63-9791-dae72beae76e,salapawan,0.0,0.0,0.023225241671863652,0.023225241671863652,arima
a4cbd47e-e5ee-4e63-9791-dae72beae76e,salapawan,0.0,0.0,0.18576874610693087,0.18576874610693087,prophet
a4cbd47e-e5ee-4e63-9791-dae72beae76e,salaysay,0.0,0.25,0.18322135096692438,0.1465770807735395,arima
a4cbd47e-e5ee-4e63-9791-dae72beae76e,salaysay,0.0,0.25,1.4655089970657882,1.1724071976526305,prophet
a4cbd47e-e5ee-4e63-9791-dae72beae76e,saloy,0.0,0.0,0.06967572501559095,0.06967572501559095,arima
a4cbd47e-e5ee-4e63-9791-dae72beae76e,saloy,0.0,0.0,0.5573062383207926,0.5573062383207926,prophet
a4cbd47e-e5ee-4e63-9791-dae72beae76e,san antonio,0.0,0.125,0.5651475473486822,0.5023533754210509,arima
a4cbd47e-e5ee-4e63-9791-dae72beae76e,san antonio,0.0,0.125,4.520372821935318,4.018109175053616,prophet
a4cbd47e-e5ee-4e63-9791-dae72beae76e,san isidro,0.0,0.0,0.09548154909543946,0.09548154909543946,arima
a4cbd47e-e5ee-4e63-9791-dae72beae76e,san isidro,0.0,0.0,0.7637159562173825,0.7637159562173825,prophet
a4cbd47e-e5ee-4e63-9791-dae72beae76e,santo nino,2.0,0.875,1.1019086882095313,0.58768463371175,arima
a4cbd47e-e5ee-4e63-9791-dae72beae76e,santo nino,2.0,0.875,8.813694954184388,4.70063730889834,prophet
a4cbd47e-e5ee-4e63-9791-dae72beae76e,sasa,4.0,0.75,2.913477538614896,1.6648443077799406,arima
a4cbd47e-e5ee-4e63-9791-dae72beae76e,sasa,4.0,0.75,23.303657150524998,13.316375514585713,prophet
a4cbd47e-e5ee-4e63-9791-dae72beae76e,sibulan,0.0,0.0,0.1187067907673031,0.1187067907673031,arima
a4cbd47e-e5ee-4e63-9791-dae72beae76e,sibulan,0.0,0.0,0.9494847023243134,0.9494847023243134,prophet
a4cbd47e-e5ee-4e63-9791-dae72beae76e,sirawan,0.0,0.0,0.5677281297566671,0.5677281297566671,arima
a4cbd47e-e5ee-4e63-9791-dae72beae76e,sirawan,0.0,0.0,4.541013793724977,4.541013793724977,prophet
a4cbd47e-e5ee-4e63-9791-dae72beae76e,sirib,1.0,0.25,0.34321746026198513,0.2745739682095881,arima
a4cbd47e-e5ee-4e63-9791-dae72beae76e,sirib,1.0,0.25,2.7452492480246455,2.1961993984197163,prophet
a4cbd47e-e5ee-4e63-9791-dae72beae76e,suawan,0.0,0.0,0.16515727411103043,0.16515727411103043,arima
a4cbd47e-e5ee-4e63-9791-dae72beae76e,suawan,0.0,0.0,1.3210221945381753,1.3210221945381753,prophet
a4cbd47e-e5ee-4e63-9791-dae72beae76e,subasta,0.0,0.0,0.19612426300684863,0.19612426300684863,arima
a4cbd47e-e5ee-4e63-9791-dae72beae76e,subasta,0.0,0.0,1.568713856014083,1.568713856014083,prophet
a4cbd47e-e5ee-4e63-9791-dae72beae76e,sumimao,0.0,0.0,0.0670951426076061,0.0670951426076061,arima
a4cbd47e-e5ee-4e63-9791-dae72beae76e,sumimao,0.0,0.0,0.5366652665311337,0.5366652665311337,prophet
a4cbd47e-e5ee-4e63-9791-dae72beae76e,tacunan,1.0,0.375,1.37803100586391,1.0022043679010255,arima
a4cbd47e-e5ee-4e63-9791-dae72beae76e,tacunan,1.0,0.375,11.0222789356779,8.0162028623112,prophet
a4cbd47e-e5ee-4e63-9791-dae72beae76e,tagakpan,0.0,0.0,0.30708930655019717,0.30708930655019717,arima
a4cbd47e-e5ee-4e63-9791-dae72beae76e,tagakpan,0.0,0.0,2.4562756429694192,2.4562756429694192,prophet
a4cbd47e-e5ee-4e63-9791-dae72beae76e,tagluno,0.0,0.0,0.03354757130380305,0.03354757130380305,arima
a4cbd47e-e5ee-4e63-9791-dae72beae76e,tagluno,0.0,0.0,0.26833263326556683,0.26833263326556683,prophet
a4cbd47e-e5ee-4e63-9791-dae72beae76e,tagurano,4.0,0.75,0.10064271391140917,0.05751012223509095,arima
a4cbd47e-e5ee-4e63-9791-dae72beae76e,tagurano,4.0,0.75,0.8049978997967006,0.4599987998838289,prophet
a4cbd47e-e5ee-4e63-9791-dae72beae76e,talandang,0.0,0.0,0.13160970280722736,0.13160970280722736,arima
a4cbd47e-e5ee-4e63-9791-dae72beae76e,talandang,0.0,0.0,1.0526895612726082,1.0526895612726082,prophet
a4cbd47e-e5ee-4e63-9791-dae72beae76e,talomo,3.0,1.625,5.210195881721413,1.984836526370062,arima
a4cbd47e-e5ee-4e63-9791-dae72beae76e,talomo,3.0,1.625,41.674122043321496,15.875856016503427,prophet
a4cbd47e-e5ee-4e63-9791-dae72beae76e,talomo river,2.0,0.375,0.4593436686213033,0.33406812263367514,arima
a4cbd47e-e5ee-4e63-9791-dae72beae76e,talomo river,2.0,0.375,3.6740929785592993,2.6720676207703993,prophet
a4cbd47e-e5ee-4e63-9791-dae72beae76e,tamayong,0.0,0.25,0.30450872414221236,0.2436069793137699,arima
a4cbd47e-e5ee-4e63-9791-dae72beae76e,tamayong,0.0,0.25,2.4356346711797605,1.9485077369438084,prophet
a4cbd47e-e5ee-4e63-9791-dae72beae76e,tambobong,5.0,1.5,0.21676892227072744,0.08670756890829098,arima
a4cbd47e-e5ee-4e63-9791-dae72beae76e,tambobong,5.0,1.5,1.733841630331355,0.693536652132542,prophet
a4cbd47e-e5ee-4e63-9791-dae72beae76e,tamugan,1.0,0.25,0.5032135695570458,0.4025708556456366,arima
a4cbd47e-e5ee-4e63-9791-dae72beae76e,tamugan,1.0,0.25,4.024989498983502,3.219991599186802,prophet
a4cbd47e-e5ee-4e63-9791-dae72beae76e,tapak,0.0,0.0,0.01806407685589395,0.01806407685589395,arima
a4cbd47e-e5ee-4e63-9791-dae72beae76e,tapak,0.0,0.0,0.14448680252761292,0.14448680252761292,prophet
a4cbd47e-e5ee-4e63-9791-dae72beae76e,tawan tawan,1.0,0.5,0.3148310537741517,0.20988736918276782,arima
a4cbd47e-e5ee-4e63-9791-dae72beae76e,tawan tawan,1.0,0.5,2.5181985583383963,1.6787990388922642,prophet
a4cbd47e-e5ee-4e63-9791-dae72beae76e,tibuloy,0.0,0.0,0.19096309819087892,0.19096309819087892,arima
a4cbd47e-e5ee-4e63-9791-dae72beae76e,tibuloy,0.0,0.0,1.527431912434765,1.527431912434765,prophet
a4cbd47e-e5ee-4e63-9791-dae72beae76e,tibungco,6.0,0.875,2.14962514585138,1.1464667444540695,arima
a4cbd47e-e5ee-4e63-9791-dae72beae76e,tibungco,6.0,0.875,17.193929500785934,9.170095733752499,prophet
a4cbd47e-e5ee-4e63-9791-dae72beae76e,tigatto,3.0,0.625,1.5380271151589708,0.9464782247132129,arima
a4cbd47e-e5ee-4e63-9791-dae72beae76e,tigatto,3.0,0.625,12.302019186636755,7.570473345622618,prophet
a4cbd47e-e5ee-4e63-9791-dae72beae76e,toril,7.0,1.25,1.7006038068620164,0.7558239141608962,arima
a4cbd47e-e5ee-4e63-9791-dae72beae76e,toril,7.0,1.25,13.602400409385274,6.045511293060121,prophet
a4cbd47e-e5ee-4e63-9791-dae72beae76e,tugbok,6.0,1.0,0.846431029819031,0.4232155149095155,arima
a4cbd47e-e5ee-4e63-9791-dae72beae76e,tugbok,6.0,1.0,6.770238747008148,3.385119373504074,prophet
a4cbd47e-e5ee-4e63-9791-dae72beae76e,tungakalan,0.0,0.125,0.14967377966312131,0.13304335970055228,arima
a4cbd47e-e5ee-4e63-9791-dae72beae76e,tungakalan,0.0,0.125,1.1971763638002213,1.0641567678224189,prophet
a4cbd47e-e5ee-4e63-9791-dae72beae76e,ubalde,0.0,0.0,0.2374135815346062,0.2374135815346062,arima
a4cbd47e-e5ee-4e63-9791-dae72beae76e,ubalde,0.0,0.0,1.8989694046486267,1.8989694046486267,prophet
a4cbd47e-e5ee-4e63-9791-dae72beae76e,ula,4.0,1.125,0.2683805704304244,0.12629673902608207,arima
a4cbd47e-e5ee-4e63-9791-dae72beae76e,ula,4.0,1.125,2.1466610661245347,1.010193442882134,prophet
a4cbd47e-e5ee-4e63-9791-dae72beae76e,vicente hizon sr,3.0,0.625,0.21676892227072744,0.13339625985890918,arima
a4cbd47e-e5ee-4e63-9791-dae72beae76e,vicente hizon sr,3.0,0.625,1.733841630331355,1.0669794648192954,prophet
a4cbd47e-e5ee-4e63-9791-dae72beae76e,waan,1.0,0.125,0.1987048454148335,0.17662652925762978,arima
a4cbd47e-e5ee-4e63-9791-dae72beae76e,waan,1.0,0.125,1.5893548278037422,1.4127598469366598,prophet
a4cbd47e-e5ee-4e63-9791-dae72beae76e,wangan,0.0,0.25,0.3122504713661669,0.2498003770929335,arima
a4cbd47e-e5ee-4e63-9791-dae72beae76e,wangan,0.0,0.25,2.4975575865487376,1.99804606923899,prophet
a4cbd47e-e5ee-4e63-9791-dae72beae76e,wilfredo aquino,1.0,0.125,0.5574058001247276,0.4954718223330912,arima
a4cbd47e-e5ee-4e63-9791-dae72beae76e,wilfredo aquino,1.0,0.125,4.458449906566341,3.963066583614525,prophet
a4cbd47e-e5ee-4e63-9791-dae72beae76e,wines,1.0,0.375,0.26063882320646986,0.18955550778652352,arima
a4cbd47e-e5ee-4e63-9791-dae72beae76e,wines,1.0,0.375,2.0847381507555576,1.5161732005494963,prophet
